department_name,school,harvard_equivalent
BIOLOGICAL CHEMISTRY AND MOLECULAR PHARMACOLOGY,Harvard,BCMP
BIOMEDICAL INFORMATICS,Harvard,DBMI
CELL BIOLOGY,Harvard,CB
GENETICS,Harvard,Gn
GLOBAL HEALTH AND SOCIAL MEDICINE,Harvard,GHSM
HEALTH CARE POLICY,Harvard,HCP
MICROBIOLOGY AND IMMUNOBIOLOGY (LEGACY),Harvard,Mb;Imm
IMMUNOLOGY,Harvard,Imm
MICROBIOLOGY,Harvard,Mb
NEUROBIOLOGY,Harvard,Nb
STEM CELL AND REGENERATIVE BIOLOGY,Harvard,SCRB
SYSTEMS BIOLOGY,Harvard,SB
BIOCHEMISTRY AND MOLECULAR MEDICINE,Southern Cal-Keck,BCMP
INTEGRATIVE ANATOMICAL SCIENCE,Southern Cal-Keck,
MEDICAL EDUCATION,Southern Cal-Keck,
MOLECULAR MICROBIOLOGY AND IMMUNOLOGY,Southern Cal-Keck,CB;Mb;Im
PHYSIOLOGY AND NEUROSCIENCE,Southern Cal-Keck,Nb
POPULATION AND PUBLIC HEALTH SCIENCES,Southern Cal-Keck,GHSM
STEM CELL BIOLOGY AND REGENERATIVE MEDICINE,Southern Cal-Keck,SCRB
TRANSLATIONAL GENOMICS,Southern Cal-Keck,Gn
ANATOMY AND NEUROBIOLOGY,Boston,Nb
BIOCHEMISTRY,Boston,CB;Nb;BCMP;Gn
MEDICAL SCIENCES AND EDUCATION,Boston,
MICROBIOLOGY,Boston,Mb;Imm
PATHOLOGY AND LABORATORY MEDICINE,Boston,SCRB;CB
PHARMACOLOGY AND EXPERIMENTAL THERAPEUTICS,Boston,BCM
PHYSIOLOGY AND BIOPHYSICS,Boston,CB
ANATOMY,Case Western Reserve,
BIOCHEMISTRY,Case Western Reserve,BCMP;CB
BIOMEDICAL ENGINEERING,Case Western Reserve,
GENETICS AND GENOME SCIENCES,Case Western Reserve,Gn
MOLECULAR BIOL AND MICROBIOLOGY,Case Western Reserve,Mb
MOLECULAR MEDICINE,Case Western Reserve,BCMP
NEUROSCIENCES,Case Western Reserve,Nb
NUTRITION,Case Western Reserve,
PATHOLOGY,Case Western Reserve,Imm;CB
PHARMACOLOGY,Case Western Reserve,BCMP
PHYSIOLOGY AND BIOPHYSICS,Case Western Reserve,BCMP
POPULATION AND QUANTITATIVE HEALTH SCIENCES,Case Western Reserve,SB
BIOLOGICAL CHEMISTRY,Johns Hopkins,BCMP
BIOMEDICAL ENGINEERING,Johns Hopkins,
BIOPHYSICS AND BIOPHYSICAL CHEMISTRY,Johns Hopkins,BCMP
MOLECULAR AND COMPARATIVE PATHOBIOLOGY,Johns Hopkins,Mb
CELL BIOLOGY,Johns Hopkins,CB
MOLECULAR BIOLOGY AND GENETICS,Johns Hopkins,Gn
NEUROSCIENCE,Johns Hopkins,Nb
PHARMACOLOGY AND MOLECULAR SCIENCES,Johns Hopkins,BCMP
PHYSIOLOGY,Johns Hopkins,
BIOCHEMISTRY AND MOLECULAR GENETICS,Northwestern-Feinberg,BCMP;Gn
CELL AND DEVELOPMENTAL BIOLOGY,Northwestern-Feinberg,CB
MICROBIOLOGY-IMMUNOLOGY,Northwestern-Feinberg,Mb;Imm
NEUROSCIENCE,Northwestern-Feinberg,Nb
PHARMACOLOGY,Northwestern-Feinberg,BCMP
BIOCHEMISTRY AND MOLECULAR BIOLOGY,Drexel,BCMP;CB
MICROBIOLOGY AND IMMUNOLOGY,Drexel,Mb;Imm
NEUROBIOLOGY AND ANATOMY,Drexel,Nb
PHARMACOLOGY AND PHYSIOLOGY,Drexel,BCMP
ANATOMY AND CELL BIOLOGY,George Washington,CB
BIOCHEMISTRY AND MOLECULAR MEDICINE,George Washington,BCMP
GENOMICS AND PRECISION MEDICINE,George Washington,Gn
MICROBIOLOGY IMMUNOLOGY AND TROPICAL MEDICINE,George Washington,Mb;Imm
PATHOLOGY,George Washington,
PHARMACOLOGY AND PHYSIOLOGY,George Washington,BCMP
BIOCHEMISTRY MOLEC BIOLOGY AND CELL BIOLOGY,Georgetown,BCMP;Cb
BIOLOGY,Georgetown,
BIOSTATISTICS BIOINFORMATICS AND BIOMATHEMATICS,Georgetown,DBMI;SB
HUMAN SCIENCE,Georgetown,GHSM
MICROBIOLOGY AND IMMUNOLOGY,Georgetown,Mb;Imm
NEUROSCIENCE,Georgetown,Nb
ONCOLOGY,Georgetown,CB
PATHOLOGY,Georgetown,
PHARMACOLOGY AND PHYSIOLOGY,Georgetown,BCMP
RADIATION MEDICINE,Georgetown,
DEVELOPMENTAL MOLEC AND CHEMICAL BIOL,Tufts,BCMP
IMMUNOLOGY,Tufts,Imm
MOLECULAR BIOLOGY AND MICROBIOLOGY,Tufts,Mb;Gn
NEUROSCIENCE,Tufts,Nb
BIOCHEMISTRY AND MOLECULAR BIOPHYSICS,Columbia-Vagelos,BCMP
BIOMEDICAL INFORMATICS,Columbia-Vagelos,DBMI
GENETICS AND DEVELOPMENT,Columbia-Vagelos,Gn
MEDICAL HUMANITIES AND ETHICS,Columbia-Vagelos,GHSM
MICROBIOLOGY AND IMMUNOLOGY,Columbia-Vagelos,Mb;Imm
MOLECULAR PHARMACOLOGY AND THERAPEUTICS,Columbia-Vagelos,BCMP
NEUROSCIENCE,Columbia-Vagelos,Nb
PHYSIOLOGY AND CELLULAR BIOPHYSICS,Columbia-Vagelos,CB
SYSTEMS BIOLOGY,Columbia-Vagelos,SB
BIOLOGICAL CHEMISTRY AND PHARMACOLOGY,Ohio State,BCMP
BIOMEDICAL INFORMATICS,Ohio State,DBMI
CANCER BIOLOGY AND GENETICS,Ohio State,Gen;CB
BIOMEDICAL EDUCATION AND ANATOMY,Ohio State,
MICROBIAL INFECTION AND IMMUNITY,Ohio State,Mb;Imm
NEUROSCIENCE,Ohio State,Nb
PHYSIOLOGY AND CELL BIOLOGY,Ohio State,CB
BIOCHEMISTRY AND BIOPHYSICS,Pennsylvania-Perelman,BCMP
BIOSTATISTICS EPIDEMIOLOGY AND INFORMATICS,Pennsylvania-Perelman,DBMI;SB
CANCER BIOLOGY,Pennsylvania-Perelman,CB
CELL AND DEVELOPMENTAL BIOLOGY,Pennsylvania-Perelman,CB
GENETICS,Pennsylvania-Perelman,Gn
MEDICAL ETHICS AND HEALTH POLICY,Pennsylvania-Perelman,GHSM;HCP
MICROBIOLOGY,Pennsylvania-Perelman,Mb
NEUROSCIENCE,Pennsylvania-Perelman,Nb
PHYSIOLOGY,Pennsylvania-Perelman,
SYSTEMS PHARMACOLOGY AND TRANSLATIONAL THERAPEUTICS,Pennsylvania-Perelman,BCMP
CELLULAR AND MOLECULAR PHYSIOLOGY,Yale,BCMP;CB
GENETICS,Yale,Gn
IMMUNOBIOLOGY,Yale,Imm
MOLECULAR BIOPHYSICS AND BIOCHEMISTRY,Yale,BCMP
NEUROSCIENCE,Yale,Nb
CELL BIOLOGY,Yale,CB
MICROBIAL PATHOGENESIS,Yale,Mb
COMPARATIVE MEDICINE,Yale,
LABORATORY MEDICINE,Yale,
BIOCHEMISTRY,Stanford,BCMP
BIOENGINEERING,Stanford,
BIOMEDICAL DATA SCIENCES,Stanford,DBMI
CHEMICAL AND SYSTEMS BIOLOGY,Stanford,SB
COMPARATIVE MEDICINE,Stanford,
DEVELOPMENTAL BIOLOGY,Stanford,
EPIDEMIOLOGY AND POPULATION HEALTH,Stanford,
GENETICS,Stanford,Gn
MICROBIOLOGY AND IMMUNOLOGY,Stanford,Mb;Imm
MOLECULAR AND CELLULAR PHYSIOLOGY,Stanford,BCMP;CB
NEUROBIOLOGY,Stanford,Nb
STRUCTURAL BIOLOGY,Stanford,
ANATOMY CELL BIOLOGY AND PHYSIOLOGY,Indiana,CB
BIOCHEMISTRY AND MOLECULAR BIOLOGY,Indiana,BCMP
BIOSTATISTICS AND HEALTH DATA SCIENCE,Indiana,DBMI;SB
MICROBIOLOGY AND IMMUNOLOGY,Indiana,Mb;Imm
PHARMACOLOGY AND TOXICOLOGY,Indiana,BCMP
BIOCHEMISTRY,U Washington,BCMP
BIOENGINEERING,U Washington,
BIOETHICS AND HUMANITIES,U Washington,GHSM
BIOMEDICAL INFORMATICS AND MEDICAL EDUCATION,U Washington,DBMI
BIOLOGICAL STRUCTURE,U Washington,
GENOME SCIENCES,U Washington,Gn
GLOBAL HEALTH,U Washington,GHSM
IMMUNOLOGY,U Washington,Imm
MICROBIOLOGY,U Washington,Mb
MOLECULAR AND CELLULAR BIOLOGY,U Washington,CB
NEUROSCIENCE,U Washington,Nb
PATHOLOGY,U Washington,
MOLECULAR MEDICINE AND MECHANISMS OF DISEASE,U Washington,
PHARMACOLOGY,U Washington,BCMP
PHYSIOLOGY AND BIOPHYSICS,U Washington,BCMP
REHABILITATION MEDICINE,U Washington,
BIOCHEMISTRY AND MOLECULAR BIOLOGY,Jefferson-Kimmel,BCMP
CANCER BIOLOGY,Jefferson-Kimmel,
MICROBIOLOGY AND IMMUNOLOGY,Jefferson-Kimmel,Mb;Imm
MOLECULAR PHYSIOLOGY AND BIOPHYSICS,Jefferson-Kimmel,BCMP
NEUROSCIENCE,Jefferson-Kimmel,Nb
PATHOLOGY ANATOMY AND CELL BIOLOGY,Jefferson-Kimmel,CB
PHARMACOLOGY AND EXPERIMENTAL THERAPEUTICS,Jefferson-Kimmel,BCMP
BIOCHEMISTRY,MC Wisconsin,BCMP
BIOMEDICAL ENGINEERING,MC Wisconsin,
BIOPHYSICS,MC Wisconsin,BCMP
CELL BIOLOGY NEUROBIOLOGY AND ANATOMY,MC Wisconsin,CB;Nb
PHARMACOLOGY AND TOXICOLOGY,MC Wisconsin,BCMP
PHYSIOLOGY,MC Wisconsin,
BIOCHEMISTRY AND MOLEC PHARMACOLOGY,NYU-Grossman,BCMP
CELL BIOLOGY,NYU-Grossman,CB
ENVIRONMENTAL MEDICINE,NYU-Grossman,
MICROBIOLOGY,NYU-Grossman,Mb
NEUROSCIENCE AND PHYSIOLOGY,NYU-Grossman,Nb
PATHOLOGY,NYU-Grossman,
POPULATION HEALTH,NYU-Grossman,GHSM
ANATOMY,UC San Fransisco,
BIOCHEMISTRY AND BIOPHYSICS,UC San Fransisco,BCMP
CELLULAR AND MOLECULAR PHARMACOLOGY,UC San Fransisco,BCMP;CB
EPIDEMIOLOGY AND BIOSTATISTICS,UC San Fransisco,SB
LABORATORY MEDICINE,UC San Fransisco,
HUMANITIES AND SOCIAL SCIENCES,UC San Fransisco,GHSM
MICROBIOLOGY AND IMMUNOLOGY,UC San Fransisco,Mb;Imm
PHYSIOLOGY,UC San Fransisco,
BIOCHEMISTRY AND MOLECULAR BIOLOGY,Miami-Miller,BCMP
CELL BIOLOGY,Miami-Miller,CB
MICROBIOLOGY AND IMMUNOLOGY,Miami-Miller,Mb;Imm
MOLECULAR AND CELLULAR PHARMACOLOGY,Miami-Miller,BCMP;CB
PHYSIOLOGY AND BIOPHYSICS,Miami-Miller,BCMP
PUBLIC HEALTH SCIENCES,Miami-Miller,
MEDICAL INFORMATION SCIENCE,Illinois,DBMI
BIOCHEMISTRY,Illinois,BCMP
CELL AND DEVELOPMENTAL BIOLOGY,Illinois,CB
MICROBIOLOGY,Illinois,Mb
MOLECULAR AND INTEGRATIVE PHYSIOLOGY,Illinois,
PATHOLOGY,Illinois,
PHARMACOLOGY,Illinois,BCMP
BIOMEDICAL SCIENCES,Illinois,DBMI
CANCER BIOLOGY AND PHARMACOLOGY,Illinois,
ANATOMY AND CELL BIOLOGY,Illinois,CB
BIOCHEMISTRY AND MOLECULAR GENETICS,Illinois,Gn
BIOENGINEERING,Illinois,
MICROBIOLOGY AND IMMUNOLOGY,Illinois,Mb;Imm
PHARMACOLOGY AND REGENERATIVE MEDICINE,Illinois,SCRB
BIOCHEMISTRY AND MOLECULAR BIOPHYSICS,Washington U St Louis,BCMP
CELL BIOLOGY AND PHYSIOLOGY,Washington U St Louis,CB
DEVELOPMENTAL BIOLOGY,Washington U St Louis,
GENETICS,Washington U St Louis,Gn
MOLECULAR MICROBIOLOGY,Washington U St Louis,Mb
NEUROSCIENCE,Washington U St Louis,Nb
PATHOLOGY AND IMMUNOLOGY,Washington U St Louis,Imm
BIOSTATISTICS,Washington U St Louis,SB
BIOCHEMISTRY AND MOLECULAR BIOLOGY,Tulane,BCMP
MICROBIOLOGY AND IMMUNOLOGY,Tulane,Mb;Imm
PATHOLOGY AND LABORATORY MEDICINE,Tulane,
PHARMACOLOGY,Tulane,BCMP
PHYSIOLOGY,Tulane,
STRUCTURAL AND CELLULAR BIOLOGY,Tulane,CB
BIOCHEMISTRY,Duke,BCMP
BIOSTATISTICS AND BIOINFORMATICS,Duke,SB;DBMI
CELL BIOLOGY,Duke,CB
IMMUNOLOGY,Duke,Imm
MOLECULAR GENETICS AND MICROBIOLOGY,Duke,Mb;Gn
NEUROBIOLOGY,Duke,Nb
PHARMACOLOGY AND CANCER BIOLOGY,Duke,BCMP;CB
POPULATION HEALTH SCIENCES,Duke,GHSM
BIOCHEMISTRY,Wake Forest,BCMP
BIOMEDICAL ENGINEERING,Wake Forest,
BIOSTATISTICAL SCIENCES,Wake Forest,SB;DBMI
CANCER BIOLOGY,Wake Forest,CB
COMPARATIVE MEDICINE,Wake Forest,
EPIDEMIOLOGY AND PREVENTION,Wake Forest,
IMPLEMENTATION SCIENCE,Wake Forest,
MICROBIOLOGY AND IMMUNOLOGY,Wake Forest,Mb;Imm
MOLECULAR MEDICINE,Wake Forest,BCMP
NEUROBIOLOGY AND ANATOMY,Wake Forest,Nb
PUBLIC HEALTH SCIENCES,Wake Forest,
SOCIAL SCIENCES AND HEALTH POLICY,Wake Forest,HCP;GHSM
OPHTHAMOLOGY VISUAL AND ANATOMICAL SCIENCES,Wayne State,
BIOCHEMISTRY AND MOLECULAR BIOLOGY,Wayne State,BCMP
IMMUNOLOGY AND MICROBIOLOGY,Wayne State,Mb;Imm
ONCOLOGY,Wayne State,CB
PHARMACOLOGY,Wayne State,BCMP
PHYSIOLOGY,Wayne State,BCMP
BIOCHEMISTRY,Cornell-Weill,BCMP
BRAIN AND MIND RESEARCH INSTITUTE,Cornell-Weill,Nb
CELL AND DEVELOPMENTAL BIOLOGY,Cornell-Weill,CB
GENETIC MEDICINE,Cornell-Weill,Gn
MICROBIOLOGY AND IMMUNOLOGY,Cornell-Weill,Mb;Imm
PHARMACOLOGY,Cornell-Weill,BCMP
PHYSIOLOGY AND BIOPHYSICS,Cornell-Weill,BCMP
ECOLOGY AND EVOLUTIONARY BIOLOGY,Brown-Alpert,
MOLECULAR BIOL CELL BIOL AND BIOCHEMISTRY,Brown-Alpert,BCMP;CB
MOLECULAR MICROBIOLOGY AND IMMUNOLOGY,Brown-Alpert,Mb;Imm
MOLECULAR PHARM PHYSIOLOGY AND BIOTECH,Brown-Alpert,BCMP
NEUROSCIENCE,Brown-Alpert,Nb
PATHOLOGY AND LAB MEDICINE,Brown-Alpert,
MEDICAL SCIENCE,Brown-Alpert,
ANATOMY AND STRUCTURAL BIOLOGY,Einstein,
BIOCEHMISTRY,Einstein,BCMP
CELL BIOLOGY,Einstein,CB
DEVELOPMENTAL AND MOLECULAR BIOLOGY,Einstein,BCMP
EPIDEMIOLOGY AND POPULATION HEALTH,Einstein,GBSM
GENETICS,Einstein,Gn
MICROBIOLOGY AND IMMUNOLOGY,Einstein,Mb;Imm
MOLECULAR PHARMACOLOGY,Einstein,BCMP
NEUROSCIENCE,Einstein,Nb
PATHOLOGY,Einstein,
PHYSIOLOGY AND BIOPHYSICS,Einstein,BCMP
CENTER FOR BIOSTATISTICS AND EPIDEMIOLOGY (BIOMEDICAL EDUCATION AND DATA SCIENCE),Temple-Katz,DBMI
FELS INST FOR CANCER RESEARCH AND MOLECULAR BIOLOGY (CANCER AND CELLULAR BIOLOGY),Temple-Katz,CB
CENTER FOR TRANSLATIONAL MEDICINE (CARDIOVASCULAR SCIENCES),Temple-Katz,BCMP
CARDIOVASCULAR RESEARCH CENTER (CARDIOVASCULAR SCIENCES),Temple-Katz,
LEMOLE CENTER FOR INTEGRATED LYMPHATICS RESEARCH (CARDIOVASCULAR SCIENCES),Temple-Katz,
CENTER FOR METABOLIC DISEASE RESEARCH (CARDIOVASCULAR SCIENCES),Temple-Katz,
THROMBOSIS RESEARCH CENTER (CARDIOVASCULAR SCIENCES),Temple-Katz,
MEDICAL GENETICS AND MOLEC BIOCHEMISTRY,Temple-Katz,Gn;BCMP
MICROBIOLOGY AND IMMUNOLOGY (MICROBIOLOGY IMMUNOLOGY AND INFLAMMATION),Temple-Katz,Mb;Imm
NEUROVIROLOGY AND GENE EDITING (MICROBIOLOGY IMMUNOLOGY AND INFLAMMATION),Temple-Katz,Gn;Nb
LUNG RESEARCH CENTER (MICROBIOLOGY IMMUNOLOGY AND INFLAMMATION),Temple-Katz,
CENTER FOR SUBSTANCE ABUSE RESEARCH (NEURAL SCIENCES),Temple-Katz,Nb
ALZHEIMER'S CENTER (NEURAL SCIENCES),Temple-Katz,Nb
SHRINERS HOSPITALS PEDIATRIC RESEARCH CENTER (NEURAL SCIENCES),Temple-Katz,Nb
PATHOLOGY AND LAB MEDICINE,Temple-Katz,
CENTER FOR URBAN BIOETHICS (URBAN HEALTH AND POPULATION SCIENCE),Temple-Katz,GHSM
CENTER FOR ASIAN HEALTH (URBAN HEALTH AND POPULATION SCIENCE),Temple-Katz,GHSM
HOPE CENTER FOR COLLEGE COMMUNITY AND JUSTICE (URBAN HEALTH AND POPULATION SCIENCE),Temple-Katz,GHSM
BIOCHEMISTRY AND CELL BIOLOGY,Dartmouth-Geisel,BCMP;CB
BIOMEDICAL DATA SCIENCE,Dartmouth-Geisel,DBMI
EPIDEMIOLOGY,Dartmouth-Geisel,
HEALTH POLICY AND CLINICAL PRACTICE,Dartmouth-Geisel,HCP
MICROBIOLOGY AND IMMUNOLOGY,Dartmouth-Geisel,Mb;Imm
MOLECULAR AND SYSTEMS BIOLOGY,Dartmouth-Geisel,SB
BEN MAY DEPARTMENT FOR CANCER RESEARCH,Chicago-Pritzker,CB
BIOCHEMISTRY AND MOLECULAR BIOLOGY,Chicago-Pritzker,BCMP
ECOLOGY AND EVOLUTION,Chicago-Pritzker,
HUMAN GENETICS,Chicago-Pritzker,Gn
MICROBIOLOGY,Chicago-Pritzker,Mb
MOLECULAR GENETICS AND CELL BIOLOGY,Chicago-Pritzker,Gn;CB
NEUROBIOLOGY,Chicago-Pritzker,Nb
ORGANISMAL BIOLOGY AND ANATOMY,Chicago-Pritzker,
PHARMACOLOGICAL AND PHYSIOLOGICAL SCIS,Chicago-Pritzker,BCMP
PUBLIC HEALTH SCIENCES,Chicago-Pritzker,GHSM
BIOMEDICAL INFORMATICS,Pittsburgh,DBMI
CELL BIOLOGY,Pittsburgh,CB
COMPUTATIONAL AND SYSTEMS BIOLOGY,Pittsburgh,SB
DEVELOPMENTAL BIOLOGY,Pittsburgh,
IMMUNOLOGY,Pittsburgh,Imm
MICROBIOLOGY AND MOLECULAR GENETICS,Pittsburgh,Mb;Gn
NEUROBIOLOGY,Pittsburgh,Nb
PATHOLOGY,Pittsburgh,
PHARMACOLOGY AND CHEMICAL BIOLOGY,Pittsburgh,BCMP
STRUCTURAL BIOLOGY,Pittsburgh,
MICROBIOLOGY AND MOLECULAR CELL BIOLOGY,Eastern Virginia,BCMP;CB;Mb
PATHOLOGY AND ANATOMY,Eastern Virginia,
PHYSIOLOGICAL SCIENCES,Eastern Virginia,
BIOCHEMISTRY AND MOLECULAR BIOLOGY,New York Medical,BCMP
CELL BIOLOGY AND ANATOMY,New York Medical,CB
PATHOLOGY,New York Medical,
MICROBIOLOGY AND IMMUNOLOGY,New York Medical,Mb;Imm
PHARMACOLOGY,New York Medical,BCMP
PHYSIOLOGY,New York Medical,
PUBLIC HEALTH,New York Medical,GHSM
MOLECULAR MEDICINE,USF-Morsani,BCMP
MOLECULAR PHARMACOLOGY AND PHYSIOLOGY,USF-Morsani,BCMP
PATHOLOGY AND CELL BIOLOGY,USF-Morsani,CB
BIOCHEMISTRY,Emory,BCMP
BIOMEDICAL ENGINEERING,Emory,
BIOMEDICAL INFORMATICS,Emory,DBMI
CELL BIOLOGY,Emory,CB
HUMAN GENETICS,Emory,Gn
MICROBIOLOGY AND IMMUNOLOGY,Emory,Mb;Imm
PATHOLOGY AND LAB MEDICINE,Emory,
PHARMACOLOGY AND CHEMICAL BIOLOGY,Emory,BCMP
BIOCHEMISTRY MOLECULAR BIOLOGY AND BIOPHYSICS,Minnesota,BCMP
GENETICS CELL BIOLOGY AND DEVELOPMENT,Minnesota,Gn;CB
INTEGRATIVE BIOLOGY AND PHYSIOLOGY,Minnesota,
MICROBIOLOGY AND IMMUNOLOGY,Minnesota,Mb;Imm
NEUROSCIENCE,Minnesota,Nb
PHARMACOLOGY,Minnesota,BCMP
BIOMEDICAL ENGINEERING,Michigan,
BIOLOGICAL CHEMISTRY,Michigan,BCMP
CELL AND DEVELOPMENTAL BIOLOGY,Michigan,BCMP
COMPUTATIONAL MEDICINE AND BIOINFORMATICS,Michigan,SB;DBMI
HUMAN GENETICS,Michigan,Gn
LEARNING HEALTH SCIENCES,Michigan,
MICROBIOLOGY AND IMMUNOLOGY,Michigan,Mb;Imm
MOLECULAR AND INTEGRATIVE PHYSIOLOGY,Michigan,BCMP
PHARMACOLOGY,Michigan,BCMP
ANATOMY AND NEUROBIOLOGY,Virginia Commonwealth,
BIOCHEMISTRY AND MOLECULAR BIOLOGY,Virginia Commonwealth,BCMP
BIOSTATISTICS,Virginia Commonwealth,SB
HEALTH BEHAVIOR AND POLICY,Virginia Commonwealth,HCP
MICROBIOLOGY AND IMMUNOLOGY,Virginia Commonwealth,Mb;Imm
PHARMACOLOGY AND TOXICOLOGY,Virginia Commonwealth,BCMP
PHYSIOLOGY AND BIOPHYSICS,Virginia Commonwealth,BCMP
BIOCHEMISTRY AND MOLECULAR BIOLOGY,Chicago Med Franklin,BCMP
CELL BIOLOGY AND ANATOMY,Chicago Med Franklin,CB
CELLULAR AND MOLECULAR PHARMACOLOGY,Chicago Med Franklin,BCMP
HUMANITIES AND HEALTH CARE,Chicago Med Franklin,GHSM
MICROBIOLOGY AND IMMUNOLOGY,Chicago Med Franklin,Mb;Imm
NEUROSCIENCE,Chicago Med Franklin,Nb
PHYSIOLOGY AND BIOPHYSICS,Chicago Med Franklin,BCMP
BIOCHEMISTRY AND MOLECULAR BIOLOGY,Loyola Stritch,BCMP
CELL AND MOLECULAR PHYSIOLOGY,Loyola Stritch,
INTEGRATIVE CELL BIOLOGY,Loyola Stritch,CB
MICROBIOLOGY AND IMMUNOLOGY,Loyola Stritch,Mb;Imm
MOLECULAR PHARMACOLOGY AND THERAPEUTICS (AND NEUROSCIENCE),Loyola Stritch,BCMP;Nb
PUBLIC HEALTH SCIENCES,Loyola Stritch,GHSM
CANCER BIOLOGY,Loyola Stritch,
BIOCHEMISTRY AND MOLECULAR BIOLOGY,Penn State,BCMP
CELLULAR AND MOLECULAR PHYSIOLOGY,Penn State,BCMP
COMPARATIVE MEDICINE,Penn State,
HUMANITIES,Penn State,GHSM
MICROBIOLOGY AND IMMUNOLOGY,Penn State,Mb;Imm
NEURAL AND BEHAVIORAL SCIENCES,Penn State,Nb
PHARMACOLOGY,Penn State,BCMP
PUBLIC HEALTH SCIENCES,Penn State,
BIOCHEMISTRY AND BIOPHYSICS,Rochester,BCMP
BIOMEDICAL ENGINEERING,Rochester,
BIOMEDICAL GENETICS,Rochester,Gn
BIOSTATISTICS AND COMPUTATIONAL BIOLOGY,Rochester,DBMI
CANCER CENTER,Rochester,
CARDIOVASCULAR RESEARCH INSTITUTE,Rochester,BCMP
CENTER FOR COMMUNITY HEALTH AND PREVENTION,Rochester,
CENTER FOR HEALTH AND TECHNOLOGY,Rochester,
CENTER FOR NEUROTHERAPEUTICS DISCOVERY,Rochester,Nb
CENTER FOR TRANSLATIONAL NEUROMED,Rochester,Nb
CENTER FOR VACCINE BIOLOGY AND IMMUNOLOGY,Rochester,Imm
COMPARATIVE MEDICINE,Rochester,
ENVIRONMENTAL MEDICINE,Rochester,
MEDICAL HUMANITIES AND BIOETHICS,Rochester,GHSM
MICROBIOLOGY AND IMMUNOLOGY,Rochester,Mb;Imm
NEUROSCIENCE,Rochester,Nb
PATHOLOGY AND LAB MEDICINE,Rochester,
PHARMACOLOGY AND PHYSIOLOGY,Rochester,BCMP
PUBLIC HEALTH SCIENCES,Rochester,
BIOCHEMISTRY AND MOLEC BIOLOGY,Nebraska,BCMP
BIOSTATISTICS,Nebraska,DBMI;SB
CELLULAR AND INTEGRATIVE PHYSIOLOGY,Nebraska,
ENVIRONMENTAL AGRICULTURAL AND OCCUPATIONAL HEALTH,Nebraska,
EPIDEMIOLOGY,Nebraska,
GENETICS CELL BIOLOGY AND ANATOMY,Nebraska,
PATHOLOGY AND MICROBIOLOGY,Nebraska,Mb
PHARMACOLOGY AND EXPERIMENTAL NEUROSCIENCE,Nebraska,BCMP
BIOCHEMISTRY (BASIC SCIENCES),Ponce,BCMP
MICROBIOLOGY (BASIC SCIENCES),Ponce,Mb
PHARMACOLOGY (BASIC SCIENCES),Ponce,BCMP
PHYSIOLOGY (BASIC SCIENCES),Ponce,
BIOCHEMISTRY AND MOLECULAR BIOLOGY,Saint Louis,BCMP
COMPARATIVE MEDICINE,Saint Louis,
CLINICAL TRIALS OFFICE,Saint Louis,
MOLECULAR MICROBIOLOGY AND IMMUNOLOGY,Saint Louis,Mb;Imm
PATHOLOGY,Saint Louis,
PHARMACOLOGICAL AND PHYSIOLOGICAL SCIENCE,Saint Louis,
CELL DEVELOPMENTAL AND REGENERATIVE BIOLOGY,Mount Sinai-Icahn,CB;SCRB
GENETICS AND GENOMIC SCIENCES,Mount Sinai-Icahn,Gn
MICROBIOLOGY,Mount Sinai-Icahn,Mb
NEUROSCIENCE,Mount Sinai-Icahn,Nb
PATHOLOGY (MOLECULAR AND CELL-BASED MEDICINE),Mount Sinai-Icahn,BCMP
PHARMACOLOGICAL SCIENCES,Mount Sinai-Icahn,BCMP
POPULATION HEALTH SCIENCE AND POLICY,Mount Sinai-Icahn,GHSM
BIOCHEMISTRY AND MOLEC GENETICS,Colorado,BCMP;Gn
CELL AND DEVELOPMENTAL BIOLOGY,Colorado,CB
IMMUNOLOGY AND MICROBIOLOGY,Colorado,Imm;Mb
PATHOLOGY,Colorado,
PHARMACOLOGY,Colorado,BCMP
PHYSIOLOGY AND BIOPHYSICS,Colorado,BCMP
BIOCHEMISTRY,Vanderbilt,BCMP
BIOMEDICAL INFORMATICS,Vanderbilt,DBMI
CELL AND DEVELOPMENTAL BIOLOGY,Vanderbilt,CB
MOLECULAR PHYSIOLOGY AND BIOPHYSICS,Vanderbilt,BCMP
PHARMACOLOGY,Vanderbilt,BCMP
PHARMACOLOGY AND SYSTEMS PHYSIOLOGY,Cincinnati,BCMP
MOLECULAR GENETICS BIOCHEMISTRY AND MICROBIOLOGY,Cincinnati,Gn;BCMP;Mb
ENVIRONMENTAL AND PUBLIC HEALTH SCIENCES,Cincinnati,GHSM
PATHOLOGY AND LAB MEDICINE,Cincinnati,
MOLECULAR AND CELLULAR PHYSIOLOGY,Albany,
REGENERATIVE AND CANCER CELL BIOLOGY,Albany,CB
IMMUNOLOGY AND MICROBIAL DISEASE,Albany,Imm;Mb
NEUROSCIENCE AND EXPERIMENTAL THERAPEUTICS,Albany,Nb
EPIDEMIOLOGY AND BIOSTATISTICS,Michigan State,
BIOCHEMISTRY AND MOLECULAR BIOLOGY,Michigan State,BCMP
MICROBIOLOGY AND MOLECULAR GENETICS,Michigan State,Mb
(TRANSLATIONAL) NEUROSCIENCE,Michigan State,Nb
MICROBIOLOGY AND MOLECULAR GENETICS,Michigan State,Gn
PHARMACOLOGY AND TOXICOLOGY,Michigan State,BCMP
PHYSIOLOGY,Michigan State,
BIOLOGICAL CHEMISTRY,UCLA-Geffen,BCMP
COMPUTATIONAL MEDICINE,UCLA-Geffen,SB
HUMAN GENETICS,UCLA-Geffen,Gn
MICROBIOLOGY IMMUN AND MOLEC GENETICS,UCLA-Geffen,Mb;Imm;Gn
MOLECULAR AND MED PHARMACOLOGY,UCLA-Geffen,BCMP
NEUROBIOLOGY,UCLA-Geffen,Nb
PHYSIOLOGY,UCLA-Geffen,
MEDICAL MICROBIOLOGY AND IMMUNOLOGY,Creighton,Mb;Imm
MEDICAL HUMANITIES,Creighton,GHSM
PATHOLOGY,Creighton,
PHARMACOLOGY (AND NEUROSCIENCE),Creighton,BCMP;Nb
BIOMOLECULAR CHEMISTRY,Wisconsin,BCMP
BIOSTATISTICS AND MED INFORMATICS,Wisconsin,DBMI
CELL AND REGENERATIVE BIOLOGY,Wisconsin,SCRB
MEDICAL GENETICS,Wisconsin,Gn
MEDICAL HISTORY AND BIOETHICS,Wisconsin,GHSM
MEDICAL MICROBIOLOGY AND IMMUNOLOGY,Wisconsin,Mb;Imm
MEDICAL PHYSICS,Wisconsin,BCMP
NEUROSCIENCE,Wisconsin,Nb
ONCOLOGY,Wisconsin,
POPULATION HEALTH SCIENCES,Wisconsin,
ANATOMY AND CELL BIOLOGY,Iowa-Carver,CB
BIOCHEMISTRY AND MOLECULAR BIOLOGY,Iowa-Carver,BCMP
MICROBIOLOGY AND IMMUNOLOGY,Iowa-Carver,Mb;Imm
MOLECULAR PHYSIOLOGY AND BIOPHYSICS,Iowa-Carver,BCMP
NEUROSCIENCE AND PHARMACOLOGY,Iowa-Carver,Nb;BCMP
PATHOLOGY,Iowa-Carver,
BIOCHEMISTRY,Vermont-Larner,BCMP
MICROBIOLOGY AND MOLECULAR GENETICS,Vermont-Larner,Mb;Gn
MOLECULAR PHYSIOLOGY AND BIOPHYSICS,Vermont-Larner,BCMP
PATHOLOGY AND LABORATORY MEDICINE,Vermont-Larner,
PHARMACOLOGY,Vermont-Larner,
BIOCHEMISTRY,West Virginia,BCMP
HEALTH INFORMATICS AND INFORMATION MANAGEMENT,West Virginia,DBMI
MICROBIOLOGY IMMUNOLOGY AND CELL BIOLOGY,West Virginia,Mb;Imm;CB
NEUROSCIENCE,West Virginia,Nb
PATHOLOGY ANATOMY AND LABORATORY MEDICINE,West Virginia,
PHYSIOLOGY (AND) PHARMACOLOGY AND NEUROSCIENCE,West Virginia,BCMP
CELL BIOLOGY,SUNY Downstate,CB
PATHOLOGY,SUNY Downstate,
PHYSIOLOGY AND PHARMACOLOGY,SUNY Downstate,BCMP
BIOCHEMISTRY AND MOLECULAR BIOLOGY,Baylor,BCMP
EDUCATION INNOVATION AND TECHNOLOGY,Baylor,
MOLECULAR PHYSIOLOGY AND BIOPHYSICS,Baylor,BCMP
MOLECULAR VIROLOGY AND MICROBIOLOGY,Baylor,Mb
MOLECULAR AND CELLULAR BIOLOGY,Baylor,CB
MOLECULAR AND HUMAN GENETICS,Baylor,Gn
NEUROSCIENCE,Baylor,Nb
PATHOLOGY AND IMMUNOLOGY,Baylor,Imm
PHARMACOLOGY AND CHEMICAL BIOLOGY,Baylor,BCMP
BIOCHEMISTRY AND MOLECULAR PHARMACOLOGY,Massachusetts,BCMP
MICROBIOLOGY AND PHYSIOLOGICAL SYSTEMS,Massachusetts,Mb
MOLECULAR CELL AND CANCER BIOLOGY,Massachusetts,CB
NEUROBIOLOGY,Massachusetts,Nb
PATHOLOGY,Massachusetts,
POPULATION AND QUANTITATIVE HEALTH SCIENCES,Massachusetts,GHSM
BIOCHEMISTRY AND MOLECULAR GENETICS,Virginia,BCMP;Gn
BIOMEDICAL ENGINEERING,Virginia,
CELL BIOLOGY,Virginia,
MICROBIOLOGY IMMUN AND CANCER BIOLOGY,Virginia,Mb;Imm
MOLECULAR PHYSIOLOGY AND BIOLOGICAL PHYSICS,Virginia,BCMP
NEUROSCIENCE,Virginia,Nb
PHARMACOLOGY,Virginia,Nb
PUBLIC HEALTH SCIENCES,Virginia,
BIOCHEMISTRY AND BIOPHYSICS,North Carolina,BCMP
BIOMEDICAL ENGINEERING,North Carolina,
CELL BIOLOGY AND PHYSIOLOGY,North Carolina,CB
GENETICS,North Carolina,Gn
MICROBIOLOGY AND IMMUNOLOGY,North Carolina,Mb;Imm
NUTRITION (PUBLIC HEALTH),North Carolina,
PHARMACOLOGY,North Carolina,BCMP
SOCIAL MEDICINE,North Carolina,GHSM
BEHAVIORAL SCIENCE,Kentucky,
MICROBIOLOGY IMMUNOLOGY AND MOLECULAR GENETICS,Kentucky,Mb;Imm;Gn
MOLECULAR AND CELLULAR BIOCHEMISTRY,Kentucky,BCMP
NEUROSCIENCE,Kentucky,Nb
PHARMACOLOGY AND NUTRITIONAL SCIENCES,Kentucky,BCMP
PHYSIOLOGY,Kentucky,
TOXICOLOGY AND CANCER BIOLOGY,Kentucky,
CANCER BIOLOGY,Toledo,
MEDICAL MICROBIOLOGY AND IMMUNOLOGY,Toledo,Mb;Imm
NEUROSCIENCES,Toledo,Nb
PATHOLOGY,Toledo,
PHYSIOLOGY AND PHARMACOLOGY,Toledo,BCMP
CELLULAR AND MOLECULAR MEDICINE,UC San Diego,CB
NEUROSCIENCES,UC San Diego,Nb
PATHOLOGY,UC San Diego,
PHARMACOLOGY,UC San Diego,BCMP
ANATOMY AND NEUROBIOLOGY,Maryland,Nb
BIOCHEMISTRY AND MOLECULAR BIOLOGY,Maryland,BCMP
MICROBIOLOGY AND IMMUNOLOGY,Maryland,Mb;Imm
PHARMACOLOGY,Maryland,BCMP
PHYSIOLOGY,Maryland,
BIOCHEMISTRY,Buffalo-Jacobs,BCMP
BIOMEDICAL ENGINEERING,Buffalo-Jacobs,
BIOMEDICAL INFORMATICS,Buffalo-Jacobs,DBMI
MICROBIOLOGY AND IMMUNOLOGY,Buffalo-Jacobs,Mb;Imm
PATHOLOGY AND ANATOMICAL SCIENCES,Buffalo-Jacobs,
PHARMACOLOGY AND TOXICOLOGY,Buffalo-Jacobs,BCMP
PHYSIOLOGY AND BIOPHYSICS,Buffalo-Jacobs,BCMP
STRUCTURAL BIOLOGY,Buffalo-Jacobs,
BEHAVIORAL NEUROSCIENCE,Oregon,Nb
BIOMEDICAL ENGINEERING,Oregon,
CELL DEVELOPMENTAL AND CANCER BIOLOGY,Oregon,CB
CHEMICAL PHYSIOLOGY AND BIOCHEMISTRY,Oregon,BCMP
BIOCHEMISTRY AND MOLECULAR BIOLOGY (OLD),Oregon,BCMP
PHYSIOLOGY AND PHARMACOLOGY (OLD),Oregon,BCMP
MEDICAL INFORMATICS AND CLINICAL EPIDEMIOLOGY,Oregon,DBMI
COMPUTATIONAL BIOLOGY,Oregon,SB
MOLECULAR AND MEDICAL GENETICS,Oregon,Gn
MOLECULAR MICROBIOLOGY AND IMMUNOLOGY,Oregon,Mb;Imm
ANATOMY AND CELL BIOLOGY,Rush,CB
MICROBIAL PATHOGENS AND IMMUNITY,Rush,Mb;Imm
PATHOLOGY,Rush,
PHYSIOLOGY AND BIOPHYSICS,Rush,BCMP
PREVENTIVE MEDICINE,Rush,GHSM
ANATOMICAL SCIENCES AND NEUROBIOLOGY,Louisville,Nb
BIOCHEMISTRY AND MOLECULAR GENETICS,Louisville,BCMP;Gn
MICROBIOLOGY AND IMMUNOLOGY,Louisville,Mb;Imm
PHARMACOLOGY AND TOXICOLOGY,Louisville,BCMP
PHYSIOLOGY,Louisville,
BASIC SCIENCES (BIOCHEMISTRY;MICROBIOLOGY AND MOLECULAR GENETICS;PHARMACOLOGY;PHYSIOLOGYLBIOMEDICAL ENGINEERING SCIENCES),Loma Linda,BCMP
PATHOLOGY AND HUMAN ANATOMY,Loma Linda,
BIOCHEMISTRY AND MOLECULAR BIOLOGY,SUNY Upstate,BCMP
CELL AND DEVELOPMENTAL BIOLOGY,SUNY Upstate,CB
MICROBIOLOGY AND IMMUNOLOGY,SUNY Upstate,Mb;Imm
NEUROSCIENCE AND PHYSIOLOGY,SUNY Upstate,Nb
PHARMACOLOGY,SUNY Upstate,BCMP
CELL BIOLOGY AND MOLECULAR MEDICINE,Rutgers New Jersey,CB;BCMP
MICROBIOLOGY BIOCHEM AND MOLECULAR GENETICS,Rutgers New Jersey,Mb;BCMP;Gn
PHARMACOLOGY PHYSIOLOGY AND NEUROSCIENCE,Rutgers New Jersey,Nb;BCMP
PATHOLOGY IMMUNOLOGY AND LABORATORY MEDICINE,Rutgers New Jersey,Imm
BIOCHEMISTRY,Utah,BCMP
BIOMEDICAL INFORMATICS,Utah,DBMI
HUMAN GENETICS,Utah,Gn
NEUROBIOLOGY AND ANATOMY,Utah,Nb
ONCOLOGICAL SCIENCES,Utah,
PATHOLOGY,Utah,
POPULATION HEALTH SCIENCES,Utah,GHSM
ANATOMY AND NEUROBIOLOGY,Tennessee,Nb
GENETICS GENOMICS AND INFORMATICS,Tennessee,Gn;DBMI
MICROBIOLOGY IMMUNOLOGY AND BIOCHEMISTRY,Tennessee,Mb;Imm;BCMP
PATHOLOGY,Tennessee,
PHARMACOLOGY (ADDICTION SCIENCE AND TOXICOLOGY),Tennessee,BCMP
PHYSIOLOGY,Tennessee,
PREVENTIVE MEDICINE,Tennessee,
BIOCHEMISTRY AND STRUCTURAL BIOLOGY,UT San Antonio-Long,BCMP
CELLULAR AND INTEGRATIVE PHYSIOLOGY,UT San Antonio-Long,
CELL SYSTEMS AND ANATOMY,UT San Antonio-Long,
EPIDEMIOLOGY AND BIOSTATISTICS,UT San Antonio-Long,DBMI
MICROBIOLOGY IMMUNOLOGY AND MOLEC GENETICS,UT San Antonio-Long,Mb;Imm;Gn
MOLECULAR MEDICINE,UT San Antonio-Long,
PHARMACOLOGY,UT San Antonio-Long,
POPULATION HEALTH SERVICES,UT San Antonio-Long,GHSM
BIOCHEMISTRY AND MOLECULAR BIOLOGY,MU South Carolina,BCMP
COMPARATIVE MEDICINE,MU South Carolina,
MICROBIOLOGY AND IMMUNOLOGY,MU South Carolina,Mb;Imm
NEUROSCIENCE,MU South Carolina,Nb
PATHOLOGY AND LAB MEDICINE,MU South Carolina,
PHARMACOLOGY,MU South Carolina,
PUBLIC HEALTH SCIENCES,MU South Carolina,
REGENERATIVE MEDICINE AND CELL BIOLOLGY,MU South Carolina,CB
BIOCHEMISTRY AND MOLECULAR BIOLOGY,Rutgers New Jersey (RW Johnson),BCMP
NEUROSCIENCE AND CELL BIOLOGY,Rutgers New Jersey (RW Johnson),Nb;CB
PATHOLOGY AND LABORATORY MEDICINE,Rutgers New Jersey (RW Johnson),
PHARMACOLOGY,Rutgers New Jersey (RW Johnson),
BIOCHEMISTRY AND MOLECULAR BIOLOGY,MC Georgia Augusta,BCMP
CELLULAR BIOLOGY AND ANATOMY,MC Georgia Augusta,CB
NEUROSCIENCE AND REGENERATIVE MEDICINE,MC Georgia Augusta,Nb
PATHOLOGY,MC Georgia Augusta,
PHARMACOLOGY AND TOXICOLOGY,MC Georgia Augusta,
PHYSIOLOGY,MC Georgia Augusta,
POPULATION HEALTH SCIENCES,MC Georgia Augusta,SB
ANATOMY AND NEUROBIOLOGY,Northeast Ohio,Nb
PATHOLOGY,Northeast Ohio,
BIOCHEMISTRY AND MOLECULAR BIOLOGY,UT Medical Branch,BCMP
BIOSTATISTICS,UT Medical Branch,
HEALTH POLICY AND LEGISLATIVE AFFAIRS,UT Medical Branch,HCP
INSTITUTE FOR TRANSLATIONAL SCIENCES,UT Medical Branch,
MICROBIOLOGY AND IMMUNOLOGY,UT Medical Branch,Mb;Imm
NEUROSCIENCE CELL BIOLOGY AND ANATOMY,UT Medical Branch,CB
PATHOLOGY,UT Medical Branch,
PHARMACOLOGY AND TOXICOLOGY,UT Medical Branch,
PREVENTIVE MEDICINE AND COMMUNITY HEALTH,UT Medical Branch,GHSM
BIOCHEMISTRY AND MOLEC GENETICS,Alabama,BCMP;Gn
BIOMEDICAL ENGINEERING,Alabama,
CELL DEVELOPMENTAL AND INTEGRATIVE BIOLOGY,Alabama,CB
GENETICS,Alabama,Gn
MICROBIOLOGY,Alabama,Mb
NEUROBIOLOGY,Alabama,Nb
PATHOLOGY,Alabama,
PHARMACOLOGY AND TOXICOLOGY,Alabama,
FOUNDATIONAL MEDICAL STUDIES,Oakland Beaumont,
ANATOMICAL SCIENCES,Renaissance Stony Brook,
BIOCHEMISTRY AND CELL BIOLOGY,Renaissance Stony Brook,BCMP;CB
BIOMEDICAL ENGINEERING,Renaissance Stony Brook,
BIOMEDICAL INFORMATICS,Renaissance Stony Brook,DBMI
FAMILY POPULATION AND PREVENTIVE MEDICINE,Renaissance Stony Brook,GHSM
MICROBIOLOGY AND IMMUNOLOGY,Renaissance Stony Brook,Mb;Imm
NEUROBIOLOGY AND BEHAVIOR,Renaissance Stony Brook,Nb
PATHOLOGY,Renaissance Stony Brook,
PHYSIOLOGY AND BIOPHYSICS,Renaissance Stony Brook,BCMP
AGING AND GERIATRIC RESEARCH,Florida,
ANATOMY AND CELL BIOLOGY,Florida,CB
BIOCHEMISTRY AND MOLECULAR BIOLOGY,Florida,BCMP
BIOSTATISTICS,Florida,SB
EPIDEMIOLOGY,Florida,
HEALTH OUTCOMES AND BIOMEDICAL INFORMATICS,Florida,DBMI
MOLECULAR GENETICS AND MICROBIOL,Florida,Gn;Mb
PATHOLOGY IMMUNOL AND LAB MEDICINE,Florida,Imm
PHARMACOLOGY AND THERAPEUTICS,Florida,BCMP
PHYSIOLOGY AND FUNCTIONAL GENOMICS,Florida,Gn
BIOCHEMISTRY AND MOLECULAR BIOL,Oklahoma,BCMP
CELL BIOLOGY,Oklahoma,CB
MICROBIOLOGY AND IMMUNOLOGY,Oklahoma,Mb;Imm
PHYSIOLOGY,Oklahoma,
POPULATION HEALTH SCIENCES,Geisinger Commonwealth,
TRANSLATIONAL DATA SCIENCE AND INFORMATICS,Geisigner Commonwealth,DBMI
MOLECULAR AND FUNCTIONAL GENOMICS,Geisinger Commonwealth,Gn
CELLULAR BIOLOGY AND PHARMACOLOGY,FIU-Wertheim,BCMP
HUMAN AND MOLECULAR GENETICS,FIU-Wertheim,Gn
IMMUNOLOGY AND NANO-MEDICINE,FIU-Wertheim,Imm
BIOMEDICAL AND HEALTH INFORMATICS,Missouri Kansas City,DBMI
MEDICAL HUMANITIES AND BIOETHICS,Missouri Kansas City,GHSM
BIOCHEMISTRY AND CANCER BIOLOGY (NEUROSCIENCE AND PHARMACOLOGY),Meharry,BCMP;Nb
MICROBIOLOGY AND IMMUNOLOGY (AND PHYSIOLOGY),Meharry,Mb;Imm
PROFESSIONAL AND MEDICAL EDUCATION,Meharry,
BIOCHEMISTRY AND MOLECULAR BIOLOGY,Arkansas,BCMP
BIOMEDICAL INFORMATICS,Arkansas,DBMI
BIOSTATISTICS,Arkansas,SB
MICROBIOLOGY AND IMMUNOLOGY,Arkansas,Mb;Imm
NEUROBIOLOGY AND DEVELOPMENTAL SCIS,Arkansas,Nb
PHARMACOLOGY AND TOXICOLOGY,Arkansas,BCMP
PHYSIOLOGY AND CELL BIOLOGY,Arkansas,CB
CELL BIOLOGY AND ANATOMY,South Carolina Columbia,CB
PATHOLOGY MICROBIOLOGY AND IMMUNOLOGY,South Carolina Columbia,Mb;Imm
PHARMACOLOGY PHYSIOLOGY AND NEUROSCIENCE,South Carolina Columbia,Nb;BCMP
BIOCHEMISTRY AND MOLECULAR MEDICINE,UC Davis,BCMP
CELL BIOLOGY AND HUMAN ANATOMY,UC Davis,CB
MEDICAL MICROBIOLOGY AND IMMUNOLOGY,UC Davis,Mb;Imm
PHARMACOLOGY,UC Davis,BCMP
PHYSIOLOGY AND MEMBRANE BIOLOGY,UC Davis,
PUBLIC HEALTH SCIENCES,UC Davis,
BIOCHEMISTRY AND MOLECULAR BIOLOGY,LSU New Orleans,BCMP
CELL BIOLOGY AND ANATOMY,LSU New Orleans,CB
GENETICS,LSU New Orleans,Gn
MICROBIOLOGY IMMUN AND PARASITOLOGY,LSU New Orleans,Mb;Imm
PHARMACOLOGY AND EXPERIMENTAL THERAPEUTICS,LSU New Orleans,BCMP
PHYSIOLOGY,LSU New Orleans,
BIOCHEMISTRY,Missouri Columbia,BCMP
MOLECULAR MICROBIOLOGY AND IMMUNOLOGY,Missouri Columbia,Mb;Imm
PATHOLOGY AND ANATOMICAL SCIENCES,Missouri Columbia,
HEALTH MANAGEMENT AND INFORMATICS,Missouri Columbia,GHSM;DBMI
MEDICAL PHARMACOLOGY AND PHYSIOLOGY,Missouri Columbia,BCMP
ARTIFICIAL INTELLIGENCE AND INFORMATICS,Mayo-Alix,DBMI
BIOCHEMISTRY AND MOLECULAR BIOLOGY,Mayo-Alix,BCMP
BIOMEDICAL STATISTICS AND INFORMATICS,Mayo-Alix,SB;DBMI
CANCER BIOLOGY,Mayo-Alix,
EXPERIMENTAL PATHOLOGY AND LABORATORY MEDICINE,Mayo-Alix,
HEALTH CARE POLICY AND RESEARCH,Mayo-Alix,HCP
IMMUNOLOGY,Mayo-Alix,Imm
MOLECULAR MEDICINE,Mayo-Alix,
MOLECULAR PHARMACOLOGY AND EXPERIMENTAL THERAPEUTICS,Mayo-Alix,BCMP
NEUROSCIENCE,Mayo-Alix,Nb
PHYSIOLOGY AND BIOMEDICAL ENGINEERING,Mayo-Alix,
QUANTITATIVE HEALTH SCIENCES,Mayo-Alix,SB
BEHAVIORAL SCIENCES AND SOCIAL MEDICINE,Florida State,GHSM
BIOMEDICAL SCIENCES,Florida State,
NEUROSCIENCE,Florida State,Nb
MOLECULAR BIOPHYSICS,Florida State,BCMP
ANATOMY,Howard,
BIOCHEM AND MOLECULAR BIOLOGY,Howard,BCMP
MICROBIOLOGY,Howard,Mb
PATHOLOGY,Howard,
PHARMACOLOGY,Howard,BCMP
PHYSIOLOGY AND BIOPHYSICS,Howard,BCMP
BIOCHEMISTRY AND MOLECULAR BIOLOGY,LSU Shreveport,BCMP
CELLULAR BIOLOGY AND ANATOMY,LSU Shreveport,CB
MICROBIOLOGY AND IMMUNOLOGY,LSU Shreveport,Mb;Imm
MOLECULAR AND CELLULAR PHYSIOLOGY,LSU Shreveport,
PHARMACOLOGY TOXICOLOGY AND NEUROSCIENCE,LSU Shreveport,
ANATOMY AND NEUROBIOLOGY,UC Irvine,Nb
BIOLOGICAL CHEMISTRY,UC Irvine,BCMP
EPIDEMIOLOGY,UC Irvine,
MICROBIOLOGY AND MOLECULAR GENETICS,UC Irvine,Mb;Gn
PHARMACOLOGY,UC Irvine,BCMP
PHYSIOLOGY AND BIOPHYSICS,UC Irvine,BCMP
BASIC SCIENCE,California Northstate,
MOLECULAR MEDICINE,Zucker Hofstra Northwell,BCMP
OCCUPATIONAL MEDICINE EPIDEMIOLOGY AND PREVENTION,Zucker Hofstra Northwell,GHSM
PATHOLOGY AND LABORATORY MEDICINE,Zucker Hofstra Northwell,
BIOCHEMISTRY AND MOLEC BIOLOGY,Wright State-Boonshoft,BCMP
NEUROSCIENCE CELL BIOL AND PHYSIOLOGY,Wright State-Boonshoft,Nb;CB
PATHOLOGY,Wright State-Boonshoft,
PHARMACOLOGY AND TOXICOLOGY,Wright State-Boonshoft,
POPULATION AND PUBLIC HEALTH SCIENCES,Wright State-Boonshoft,
COMMUNITY HEALTH AND PREVENTIVE MEDICINE,Morehouse,
MICROBIOLOGY BIOCHEM AND IMMUNOLOGY,Morehouse,Mb;Imm;BCMP
NEUROBIOLOGY,Morehouse,Nb
PATHOLOGY AND ANATOMY,Morehouse,
PHARMACOLOGY AND TOXICOLOGY,Morehouse,
PHYSIOLOGY,Morehouse,
CELLULAR AND MOLECULAR MEDICINE,Arizona,CB
CHEMISTRY AND BIOCHEMISTRY,Arizona,BCMP
IMMUNOBIOLOGY,Arizona,Imm
PHARMACOLOGY,Arizona,BCMP
PHYSIOLOGY,Arizona,
BIOCHEMISTRY AND MOLECULAR BIOLOGY,UT Houston-McGovern,BCMP
INTEGRATIVE BIOLOGY AND PHARMACOLOGY,UT Houston-McGovern,BCMP
MICROBIOLOGY AND MOLEC GENETICS,UT Houston-McGovern,Mb;Gn
NEUROBIOLOGY AND ANATOMY,UT Houston-McGovern,Nb
PATHOLOGY AND LABORATORY MEDICINE,UT Houston-McGovern,
Biomedical Sciences,South Carolina Greenville,CB
CELL AND MOLECULAR BIOLOGY,Mississippi,CB;BCMP
MICROBIOLOGY AND IMMUNOLOGY,Mississippi,Mb;Imm
NEUROBIOLOGY AND ANATOMICAL SCIENCES,Mississippi,Nb
PATHOLOGY,Mississippi,
PHARMACOLOGY AND TOXICOLOGY,Mississippi,
PHYSIOLOGY AND BIOPHYSICS,Mississippi,BCMP
PREVENTIVE MEDICINE,Mississippi,
CELL BIOLOGY,Connecticut,CB
GENETICS AND GENOME SCIENCES,Connecticut,Gn
IMMUNOLOGY,Connecticut,Imm
MOLECULAR BIOLOGY AND BIOPHYSICS,Connecticut,BCMP
NEUROSCIENCE,Connecticut,Nb
PATHOLOGY AND LABORATORY MEDICINE,Connecticut,
PUBLIC HEALTH SCIENCES,Connecticut,
SCHOOL OF BIOMEDICAL SCIENCES,UCF,
POPULATION HEALTH SCIENCES,UCF,GHSM
BIOMEDICAL SCIENCES,Cooper Rowan,
BIOCHEMISTRY,UT Southwestern,BCMP
BIOPHYSICS,UT Southwestern,BCMP
CELL BIOLOGY,UT Southwestern,CB
IMMUNOLOGY,UT Southwestern,Imm
BIOINFORMATICS,UT Southwestern,DBMI
MICROBIOLOGY,UT Southwestern,Mb
MOLECULAR BIOLOGY,UT Southwestern,BCMP
MOLECULAR GENETICS,UT Southwestern,Gn
NEUROSCIENCE,UT Southwestern,Nb
PHARMACOLOGY,UT Southwestern,BCMP
PHYSIOLOGY,UT Southwestern,
POPULATION AND DATA SCIENCES,UT Southwestern,
BIOMEDICAL INFORMATICS,Western Michigan-Stryker,DBMI
BIOMEDICAL SCIENCES,Western Michigan-Stryker,
MEDICAL ETHICS HUMANITIES AND LAW,Western Michigan-Stryker,
PATHOLOGY,Western Michigan-Stryker,
BIOCHEMISTRY AND MOLECULAR BIOLOGY,New Mexico,BCMP
CELL BIOLOGY AND PHYSIOLOGY,New Mexico,CB
MOLECULAR GENETICS AND MICROBIOLOGY,New Mexico,Gn;Mb
NEUROSCIENCES,New Mexico,Nb
PATHOLOGY,New Mexico,
ANATOMY BIOCHEM AND PHYSIOLOGY,Hawaii-Burns,BCMP
CELL AND MOLECULAR BIOLOGY,Hawaii-Burns,CB
NATIVE HAWAIIAN HEALTH,Hawaii-Burns,GHSM
QUANTITATIVE HEALTH SCIENCES,Hawaii-Burns,DBMI;SB
PATHOLOGY,Hawaii-Burns,
CELL BIOLOGY AND BIOCHEMISTRY,Texas Tech,CB;BCMP
CELLULAR PHYSIOLOGY AND MOLEC BIOPHYSICS,Texas Tech,BCMP
IMMUNOLOGY AND MOLECULAR MICROBIOLOGY,Texas Tech,Imm;Mb
MEDICAL EDUCATION,Texas Tech,
PHARMACOLOGY AND NEUROSCIENCE,Texas Tech,BCMP;Nb
HUMANITIES IN MEDICINE,Texas A & M,GHSM
MEDICAL EDUCATION,Texas A & M,
MEDICAL PHYSIOLOGY,Texas A & M,
MICROBIAL PATHOGENESIS AND IMMUNOLOGY,Texas A & M,
MOLECULAR AND CELLULAR MEDICINE,Texas A & M,BCMP;CB
NEUROSCIENCE AND EXPERIMENTAL THERAPEUTICS,Texas A & M,Nb
TRANSLATIONAL MEDICAL SCIENCES,Texas A & M,
ANATOMY,Southern Illinois (Carbondale),
BIOCHEMISTRY AND MOLECULAR BIOLOGY,Southern Illinois (Carbondale),BCMP
PHYSIOLOGY,Southern Illinois (Carbondale),
MEDICAL EDUCATION,Southern Illinois (Carbondale),
INFORMATION AND COMMUNICATION SCIENCES,Southern Illinois (Springfield),DBMI
MEDICAL EDUCATION,Southern Illinois (Springfield),
MEDICAL HUMANITIES,Southern Illinois (Springfield),GHSM
MEDICAL MICROBIOLOGY IMMUNOLOGY AND CELL BIOLOGY,Southern Illinois (Springfield),Mb;Imm;CB
PHARMACOLOGY,Southern Illinois (Springfield),BCMP
POPULATION SCIENCES AND POLICY,Southern Illinois (Springfield),HCP
BASIC MEDICAL SCIENCES,Arizona (Phoenix),
BIOETHICS AND MEDICAL HUMANISM,Arizona (Phoenix),GHSM
BIOMEDICAL INFORMATICS,Arizona (Phoenix),DBMI
PATHOLOGY,Arizona (Phoenix),
TRANSLATIONAL NEUROSCIENCES,Arizona (Phoenix),Nb
ANATOMY AND CELL BIOLOGY,Caribe,CB
BIOCHEMISTRY,Caribe,BCMP
MICROBIOLOGY AND IMMUNOLOGY,Caribe,Mb;Imm
NEUROSCIENCE,Caribe,Nb
PHARMACOLOGY,Caribe,BCMP
PHYSIOLOGY,Caribe,
BASIC BIOMEDICAL SCIENCES,South Dakota-Sanford,
NEUORSCIENCES,South Dakota-Sanford,Nb
BIOMEDICAL SCIENCES,East Tennessee-Quillen,
BIOCHEMISTRY AND MOLECULAR BIOLOGY,South Alabama,BCMP
COMPARATIVE MEDICINE,South Alabama,
MICROBIOLOGY AND IMMUNOLOGY,South Alabama,Mb;Imm
PHARMACOLOGY,South Alabama,BCMP
PHYSIOLOGY AND CELL BIOLOGY,South Alabama,CB
MICROBIOLOGY AND IMMUNOLOGY,Nevada Reno,Mb;Imm
PATHOLOGY,Nevada Reno,
PHARMACOLOGY,Nevada Reno,BCMP
PHYSIOLOGY AND CELL BIOLOGY,Nevada Reno,CB
BIOMEDICAL SCIENCES,Marshall-Edwards,
CLINICAL AND TRANSITIONAL SCIENCES,Marshall-Edwards,
MOLECULAR CELLULAR AND BIOMEDICAL SCIENCES,CUNY,CB
BIOMEDICAL SCIENCE,Florida Atlantic-Schmidt,
BASIC SCIENCE EDUCATION,Virginia Tech Carilion,
ANATOMY AND NEUROBIOLOGY,Puerto Rico,Nb
BIOCHEMISTRY,Puerto Rico,BCMP
MICROBIOLOGY,Puerto Rico,Mb
PHARMACOLOGY AND TOXICOLOGY,Puerto Rico,BCMP
PHYSIOLOGY,Puerto Rico,
MOLECULAR AND TRANSITIONAL MEDICINE,Texas Tech-Foster,BCMP
ANATOMY AND CELL BIOLOGY,East Carolina-Brody,CB
BIOCHEMISTRY AND MOLECULAR BIOLOGY,East Carolina-Brody,BCMP
BIOETHICS AND INTERDISCIPLINARY STUDIES,East Carolina-Brody,GHSM
COMPARATIVE MEDICINE,East Carolina-Brody,
MICROBIOLOGY AND IMMUNOLOGY,East Carolina-Brody,Mb;Imm
PHARMACOLOGY AND TOXICOLOGY,East Carolina-Brody,BCMP
PHYSIOLOGY,East Carolina-Brody,
PUBLIC HEALTH,East Carolina-Brody,
ANATOMY,San Juan Bautista,
BIOCHEMISTRY/PHARMACOLOGY,San Juan Bautista,
MICROBIOLOGY,San Juan Bautista,
PHYSIOLOGY/PATHOLOGY,San Juan Bautista,
BIOMEDICAL SCIENCES,UC Riverside,
SOCIAL MEDICINE POPULATION AND PUBLIC HEALTH,UC Riverside,GHSM
TRANSLATIONAL MEDICINE AND PHYSIOLOGY,Washington State-Floyd,
MEDICAL SCIENCES,Hackensack Meridian,
HUMAN GENETICS,UT Rio Grande Valley,Gn
IMMUNOLOGY AND MICROBIOLOGY,UT Rio Grande Valley,Imm;Mb
MOLECULAR SCIENCE,UT Rio Grande Valley,BCMP
NEUROSCIENCE,UT Rio Grande Valley,Nb
PHARMACOLOGY,UT Rio Grande Valley,BCMP
POPULATION HEALTH AND BIOSTATISTICS,UT Rio Grande Valley,GHSM;HCP
HEALTH SOCIAL WORK,UT Austin-Dell,
POPULATION HEALTH,UT Austin-Dell,GHSM;HCP
FOUNDATIONS OF MEDICINE,NYU Long Island,
BIOMEDICAL SCIENCE,Kaiser Permanente-Tyson,
ANATOMY PHYSIOLOGY AND GENETICS,Uniformed Services-Hebert,Gn
BIOCHEMISTRY,Uniformed Services-Hebert,BCMP
MICROBIOLOGY AND IMMUNOLOGY,Uniformed Services-Hebert,Mb;Imm
PATHOLOGY,Uniformed Services-Hebert,
PHARMACOLOGY AND MOLECULAR THERAPEUTICS,Uniformed Services-Hebert,BCMP
PREVENTIVE MEDICINE AND BIOSTATISTICS,Uniformed Services-Hebert,GHSM;HCP;SB
ANATOMY AND CELL BIOLOGY,Kansas,CB
BIOCHEMISTRY AND MOLECULAR BIOLOGY,Kansas,BCMP
BIOSTATISTICS AND DATA SCIENCE,Kansas,DBMI
CANCER BIOLOGY,Kansas,
HISTORY AND PHILOSOPHY OF MEDICINE,Kansas,GHSM
MICROBIOLOGY MOLECULAR GENETICS AND IMMUNOLOGY,Kansas,Mb;Gn;Imm
MOLECULAR AND INTEGRATIVE PHYSIOLOGY,Kansas,
PATHOLOGY AND LABORATORY MEDICINE,Kansas,
PHARMACOLOGY TOXICOLOGY AND THERAPEUTICS,Kansas,
POPULATION HEALTH,Kansas,
BIOMEDICAL SCIENCES,North Dakota,
PATHOLOGY,North Dakota,
PHARMACOLOGY PHYSIOLOGY AND THERAPEUTICS,North Dakota,BCMP
BIOMEDICAL SCIENCES,Mercer,
INSTITUTE FOR CANCER RESEARCH,TCU UNTHSC,